analytics.githubassets.com,
api.atom.io,
api.github.com,
api.security.github.com,
assets.dev.github.dev,
assets.github.dev,
assets.ppe.github.dev,
atom-installer-eaph0av7.github.com,
atom-installer.github.com,
atom.io,
avatars.githubusercontent.com,
blob.core.windows.net,
blog.atom.io,
brandguide.github.com,
broker.actions.githubusercontent.com,
cautious-space-goldfish-75x7wxx56wvcw565-8000.app.github.dev,
cdn-185-199-108-133.github.com,
cdn-185-199-108-153.github.com,
cdn-185-199-108-154.github.com,
cdn-185-199-109-133.github.com,
cdn-185-199-109-153.github.com,
cdn-185-199-109-154.github.com,
cdn-185-199-110-133.github.com,
cdn-185-199-110-153.github.com,
cdn-185-199-110-154.github.com,
cdn-185-199-111-133.github.com,
cdn-185-199-111-153.github.com,
cdn-185-199-111-154.github.com,
central.github.com,
classroom.github.com,
codeload.github.com,
collector-cdn.github.com,
collector.github.com,
communication.github.com,
community.github.com,
containers.pkg.github.com,
copilot-proxy.githubusercontent.com,
dependabot.com,
dev.github.dev,
dev.preview.app.github.dev,
discuss.atom.io,
docker-proxy.pkg.github.com,
docker.pkg.github.com,
docs.github.com,
edu.github.com,
education.github.com,
education.github.community,
electron.atom.io,
emails.github.com,
enterprise.github.com,
examadmin-uat.github.com,
examadmin.github.com,
examregistration-api.github.com,
examregistration-uat-api.github.com,
examregistration-uat.github.com,
examregistration.github.com,
f.cloud.github.com,
flight-manual.atom.io,
fluffy-space-engine-xj76796x54ghp7gq-443.app.github.dev,
fulcio.githubapp.com,
garage.github.com,
gh.io,
ghcc.githubassets.com,
ghcr.io,
gist.github.com,
git.io,
github-cloud.s3.amazonaws.com,
github-registry-files.githubusercontent.com,
github-releases.githubusercontent.com,
github.ai,
github.atom.io,
github.blog,
github.com,
github.community,
github.dev,
github.githubassets.com,
github.io,
github.new,
githubapp.com,
githubassets.com,
githubcopilot.com,
githubhackathon.com,
githubnext.com,
githubpreview.dev,
githubstatus.com,
githubuniverse.com,
githubusercontent.com,
glb-c0e95bd587389a.github.com,
glb-db52c2cf8be544.github.com,
graphql.github.com,
help.github.com,
help.githubassets.com,
hlapje.github.io,
ide.atom.io,
identicons.github.com,
in-10.smtp.github.com,
in-5.smtp.github.com,
in-6.smtp.github.com,
in-7.smtp.github.com,
in-9.smtp.github.com,
in-ghae-a.smtp.github.com,
in-ghae-b.smtp.github.com,
jobs.github.com,
kidkarolis.github.com,
latest-dev.github.dev,
latest-ppe.github.dev,
launch.actions.githubusercontent.com,
lb-140-82-112-10-iad.github.com,
lb-140-82-112-11-iad.github.com,
lb-140-82-112-12-iad.github.com,
lb-140-82-112-13-iad.github.com,
lb-140-82-112-14-iad.github.com,
lb-140-82-112-15-iad.github.com,
lb-140-82-112-17-iad.github.com,
lb-140-82-112-18-iad.github.com,
lb-140-82-112-19-iad.github.com,
lb-140-82-112-2-iad.github.com,
lb-140-82-112-20-iad.github.com,
lb-140-82-112-21-iad.github.com,
lb-140-82-112-22-iad.github.com,
lb-140-82-112-23-iad.github.com,
lb-140-82-112-24-iad.github.com,
lb-140-82-112-25-iad.github.com,
lb-140-82-112-26-iad.github.com,
lb-140-82-112-27-iad.github.com,
lb-140-82-112-28-iad.github.com,
lb-140-82-112-29-iad.github.com,
lb-140-82-112-3-iad.github.com,
lb-140-82-112-30-iad.github.com,
lb-140-82-112-33-iad.github.com,
lb-140-82-112-34-iad.github.com,
lb-140-82-112-35-iad.github.com,
lb-140-82-112-36-iad.github.com,
lb-140-82-112-37-iad.github.com,
lb-140-82-112-38-iad.github.com,
lb-140-82-112-4-iad.github.com,
lb-140-82-112-41-iad.github.com,
lb-140-82-112-42-iad.github.com,
lb-140-82-112-5-iad.github.com,
lb-140-82-112-6-iad.github.com,
lb-140-82-112-9-iad.github.com,
lb-140-82-113-10-iad.github.com,
lb-140-82-113-11-iad.github.com,
lb-140-82-113-12-iad.github.com,
lb-140-82-113-13-iad.github.com,
lb-140-82-113-14-iad.github.com,
lb-140-82-113-15-iad.github.com,
lb-140-82-113-16-iad.github.com,
lb-140-82-113-17-iad.github.com,
lb-140-82-113-18-iad.github.com,
lb-140-82-113-19-iad.github.com,
lb-140-82-113-2-iad.github.com,
lb-140-82-113-20-iad.github.com,
lb-140-82-113-21-iad.github.com,
lb-140-82-113-22-iad.github.com,
lb-140-82-113-23-iad.github.com,
lb-140-82-113-24-iad.github.com,
lb-140-82-113-25-iad.github.com,
lb-140-82-113-26-iad.github.com,
lb-140-82-113-27-iad.github.com,
lb-140-82-113-28-iad.github.com,
lb-140-82-113-29-iad.github.com,
lb-140-82-113-3-iad.github.com,
lb-140-82-113-30-iad.github.com,
lb-140-82-113-31-iad.github.com,
lb-140-82-113-32-iad.github.com,
lb-140-82-113-33-iad.github.com,
lb-140-82-113-34-iad.github.com,
lb-140-82-113-35-iad.github.com,
lb-140-82-113-36-iad.github.com,
lb-140-82-113-37-iad.github.com,
lb-140-82-113-38-iad.github.com,
lb-140-82-113-4-iad.github.com,
lb-140-82-113-5-iad.github.com,
lb-140-82-113-6-iad.github.com,
lb-140-82-113-9-iad.github.com,
lb-140-82-114-10-iad.github.com,
lb-140-82-114-11-iad.github.com,
lb-140-82-114-12-iad.github.com,
lb-140-82-114-13-iad.github.com,
lb-140-82-114-14-iad.github.com,
lb-140-82-114-15-iad.github.com,
lb-140-82-114-16-iad.github.com,
lb-140-82-114-17-iad.github.com,
lb-140-82-114-18-iad.github.com,
lb-140-82-114-19-iad.github.com,
lb-140-82-114-2-iad.github.com,
lb-140-82-114-20-iad.github.com,
lb-140-82-114-21-iad.github.com,
lb-140-82-114-22-iad.github.com,
lb-140-82-114-23-iad.github.com,
lb-140-82-114-24-iad.github.com,
lb-140-82-114-25-iad.github.com,
lb-140-82-114-27-iad.github.com,
lb-140-82-114-28-iad.github.com,
lb-140-82-114-29-iad.github.com,
lb-140-82-114-3-iad.github.com,
lb-140-82-114-30-iad.github.com,
lb-140-82-114-31-iad.github.com,
lb-140-82-114-32-iad.github.com,
lb-140-82-114-33-iad.github.com,
lb-140-82-114-34-iad.github.com,
lb-140-82-114-35-iad.github.com,
lb-140-82-114-36-iad.github.com,
lb-140-82-114-37-iad.github.com,
lb-140-82-114-38-iad.github.com,
lb-140-82-114-4-iad.github.com,
lb-140-82-114-5-iad.github.com,
lb-140-82-114-6-iad.github.com,
lb-140-82-114-9-iad.github.com,
lb-140-82-116-10-sea.github.com,
lb-140-82-116-11-sea.github.com,
lb-140-82-116-12-sea.github.com,
lb-140-82-116-13-sea.github.com,
lb-140-82-116-14-sea.github.com,
lb-140-82-116-17-sea.github.com,
lb-140-82-116-18-sea.github.com,
lb-140-82-116-19-sea.github.com,
lb-140-82-116-2-sea.github.com,
lb-140-82-116-20-sea.github.com,
lb-140-82-116-3-sea.github.com,
lb-140-82-116-33-sea.github.com,
lb-140-82-116-34-sea.github.com,
lb-140-82-116-36-sea.github.com,
lb-140-82-116-4-sea.github.com,
lb-140-82-116-5-sea.github.com,
lb-140-82-116-9-sea.github.com,
lb-140-82-121-1-fra.github.com,
lb-140-82-121-10-fra.github.com,
lb-140-82-121-11-fra.github.com,
lb-140-82-121-12-fra.github.com,
lb-140-82-121-13-fra.github.com,
lb-140-82-121-14-fra.github.com,
lb-140-82-121-19-fra.github.com,
lb-140-82-121-20-fra.github.com,
lb-140-82-121-3-fra.github.com,
lb-140-82-121-33-fra.github.com,
lb-140-82-121-34-fra.github.com,
lb-140-82-121-35-fra.github.com,
lb-140-82-121-36-fra.github.com,
lb-140-82-121-4-fra.github.com,
lb-140-82-121-5-fra.github.com,
lb-140-82-121-6-fra.github.com,
lb-140-82-121-9-fra.github.com,
lb-192-30-252-153-iad.github.com,
lb-192-30-252-154-iad.github.com,
live.github.com,
local.github.dev,
m.communication.github.com,
mail01.resources.github.com,
mailing.github.com,
maintainers.github.com,
maven.pkg.github.com,
mavenregistryv2prod.blob.core.windows.net,
mcmail.github.com,
mmsghadocfr1.actions.githubusercontent.com,
mmsghadocus1.actions.githubusercontent.com,
mmsghadocus2.actions.githubusercontent.com,
mmsghadoeus1.actions.githubusercontent.com,
mmsghadoeus2.actions.githubusercontent.com,
mmsghadoeus21.actions.githubusercontent.com,
mmsghadoeus22.actions.githubusercontent.com,
mmsghadoeus3.actions.githubusercontent.com,
mmsghadoneu1.actions.githubusercontent.com,
mmsghadopfeus2c1.actions.githubusercontent.com,
mmsghadowcus0.actions.githubusercontent.com,
mmsghadoweu1.actions.githubusercontent.com,
mmsghadowus1.actions.githubusercontent.com,
mmsghadowus21.actions.githubusercontent.com,
mmsghubcswe1.actions.githubusercontent.com,
mmsghubcus1.actions.githubusercontent.com,
mmsghubcus2.actions.githubusercontent.com,
mmsghubcus3.actions.githubusercontent.com,
mmsghubeau1.actions.githubusercontent.com,
mmsghubeus1.actions.githubusercontent.com,
mmsghubeus2.actions.githubusercontent.com,
mmsghubeus20.actions.githubusercontent.com,
mmsghubeus21.actions.githubusercontent.com,
mmsghubeus22.actions.githubusercontent.com,
mmsghubeus23.actions.githubusercontent.com,
mmsghubeus3.actions.githubusercontent.com,
mmsghubeus4.actions.githubusercontent.com,
mmsghubeus5.actions.githubusercontent.com,
mmsghubneu1.actions.githubusercontent.com,
mmsghubseau1.actions.githubusercontent.com,
mmsghubweu1.actions.githubusercontent.com,
mpsghub.actions.githubusercontent.com,
myoctocat.com,
neglected-spooky-monster-6p9qq7q6x4xhxvww-8000.app.github.dev,
npm-beta-proxy.pkg.github.com,
npm-beta.pkg.github.com,
npm-proxy.pkg.github.com,
npm.pkg.github.com,
npmregistryv2prod.blob.core.windows.net,
ns1.github.com,
ns2.github.com,
nuget.pkg.github.com,
nugetregistryv2prod.blob.core.windows.net,
o1.sgmail.github.com,
o10.sgmail.github.com,
o11.sgmail.github.com,
o2.sgmail.github.com,
o3.sgmail.github.com,
o4.sgmail.github.com,
o5.sgmail.github.com,
o6.sgmail.github.com,
o7.sgmail.github.com,
o8.sgmail.github.com,
o9.sgmail.github.com,
objects-origin.githubusercontent.com,
objects.githubusercontent.com,
octocaptcha.review-lab.github.com,
oidc-configuration.audit-log.githubusercontent.com,
opensource.guide,
out-1.smtp.github.com,
out-10.smtp.github.com,
out-11.smtp.github.com,
out-18.smtp.github.com,
out-2.smtp.github.com,
out-22.smtp.github.com,
out-26.smtp.github.com,
out-28.smtp.github.com,
out-7.smtp.github.com,
pages.github.com,
pipelinesghubeus1.actions.githubusercontent.com,
pipelinesghubeus10.actions.githubusercontent.com,
pipelinesghubeus11.actions.githubusercontent.com,
pipelinesghubeus12.actions.githubusercontent.com,
pipelinesghubeus13.actions.githubusercontent.com,
pipelinesghubeus14.actions.githubusercontent.com,
pipelinesghubeus15.actions.githubusercontent.com,
pipelinesghubeus2.actions.githubusercontent.com,
pipelinesghubeus20.actions.githubusercontent.com,
pipelinesghubeus21.actions.githubusercontent.com,
pipelinesghubeus22.actions.githubusercontent.com,
pipelinesghubeus23.actions.githubusercontent.com,
pipelinesghubeus24.actions.githubusercontent.com,
pipelinesghubeus25.actions.githubusercontent.com,
pipelinesghubeus26.actions.githubusercontent.com,
pipelinesghubeus3.actions.githubusercontent.com,
pipelinesghubeus4.actions.githubusercontent.com,
pipelinesghubeus5.actions.githubusercontent.com,
pipelinesghubeus6.actions.githubusercontent.com,
pipelinesghubeus7.actions.githubusercontent.com,
pipelinesghubeus8.actions.githubusercontent.com,
pipelinesghubeus9.actions.githubusercontent.com,
pipelinesproxcnc1.actions.githubusercontent.com,
pipelinesproxcus1.actions.githubusercontent.com,
pipelinesproxeau1.actions.githubusercontent.com,
pipelinesproxsdc1.actions.githubusercontent.com,
pipelinesproxweu1.actions.githubusercontent.com,
pipelinesproxwus31.actions.githubusercontent.com,
pkg.actions.githubusercontent.com,
pkg.github.com,
ppe.github.dev,
ppe.preview.app.github.dev,
preview.app.github.dev,
preview.github.dev,
private-user-images.githubusercontent.com,
productionresultssa0.blob.core.windows.net,
productionresultssa1.blob.core.windows.net,
productionresultssa10.blob.core.windows.net,
productionresultssa11.blob.core.windows.net,
productionresultssa12.blob.core.windows.net,
productionresultssa13.blob.core.windows.net,
productionresultssa14.blob.core.windows.net,
productionresultssa15.blob.core.windows.net,
productionresultssa16.blob.core.windows.net,
productionresultssa17.blob.core.windows.net,
productionresultssa18.blob.core.windows.net,
productionresultssa19.blob.core.windows.net,
productionresultssa2.blob.core.windows.net,
productionresultssa3.blob.core.windows.net,
productionresultssa4.blob.core.windows.net,
productionresultssa5.blob.core.windows.net,
productionresultssa6.blob.core.windows.net,
productionresultssa7.blob.core.windows.net,
productionresultssa8.blob.core.windows.net,
productionresultssa9.blob.core.windows.net,
pypi.pkg.github.com,
raw.github.com,
redirect.github.com,
reinteract.github.com,
release-assets.githubusercontent.com,
render.github.com,
repo.new,
res.communication.github.com,
resources.github.com,
results-receiver.actions.githubusercontent.com,
rubygems.pkg.github.com,
rubygemsregistryv2prod.blob.core.windows.net,
run-actions-1-azure-eastus.actions.githubusercontent.com,
run-actions-2-azure-eastus.actions.githubusercontent.com,
run-actions-3-azure-eastus.actions.githubusercontent.com,
runner-auth.actions.githubusercontent.com,
runnerghubeus1.actions.githubusercontent.com,
runnerghubeus20.actions.githubusercontent.com,
runnerghubeus21.actions.githubusercontent.com,
runnerghubwus31.actions.githubusercontent.com,
runnerproxcnc1.actions.githubusercontent.com,
runnerproxcus1.actions.githubusercontent.com,
runnerproxeau1.actions.githubusercontent.com,
runnerproxsdc1.actions.githubusercontent.com,
runnerproxweu1.actions.githubusercontent.com,
schaefer-client-only-prod.githubusercontent.com,
schaefer-client-only.githubusercontent.com,
setup-tools.actions.githubusercontent.com,
sgmail.github.com,
smtp.github.com,
ssh.github.com,
stars.github.com,
status.atom.io,
status.github.com,
styleguide.github.com,
support.enterprise.github.com,
support.github.com,
swift.pkg.github.com,
t.communication.github.com,
teletype.atom.io,
test.github.com,
thegithubshop.com,
timestamp.githubapp.com,
tokenghub.actions.githubusercontent.com,
tuf-repo.github.com,
visualstudio.github.com,
vpn-ca.iad.github.com,
vscode-auth.github.com,
vstoken.actions.githubusercontent.com,
ws.support.github.com,
www.assets.dev.github.dev,
www.assets.github.dev,
www.assets.ppe.github.dev,
www.atom.io,
www.github.ai,
www.github.com,
www.github.dev,
www.schaefer-client-only-prod.githubusercontent.com
